{"cameraMode":{"drawMode":0,"name":"Shaded","section":"Shading Mode"},"sceneLighting":true,"audioPlay":false,"sceneViewState":{"m_AlwaysRefresh":false,"showFog":true,"showSkybox":false,"showFlares":true,"showImageEffects":true,"showParticleSystems":true,"showVisualEffectGraphs":true,"m_FxEnabled":true},"in2DMode":false,"pivot":{"x":-12.926734924316407,"y":-26.684911727905275,"z":131.63754272460938},"rotation":{"x":0.1465868204832077,"y":-0.05073903873562813,"z":0.0075593856163322929,"w":0.9878968596458435},"size":15.835396766662598,"orthographic":false}