{"cameraMode":{"drawMode":0,"name":"Shaded","section":"Shading Mode"},"sceneLighting":true,"audioPlay":false,"sceneViewState":{"m_AlwaysRefresh":false,"showFog":true,"showSkybox":true,"showFlares":true,"showImageEffects":true,"showParticleSystems":true,"showVisualEffectGraphs":true,"m_FxEnabled":true},"in2DMode":false,"pivot":{"x":33.88471603393555,"y":5.660340309143066,"z":139.81826782226563},"rotation":{"x":0.06751945614814758,"y":0.44018319249153139,"z":-0.03320085257291794,"w":0.8947875499725342},"size":14.51884651184082,"orthographic":false}